,fit_time,score_time,test_f1,test_accuracy,test_recall,test_precision,test_roc_auc,classifier
BreastCancerNormalized,0.15442748069763185,0.33120222091674806,0.2294533195995297,0.25506733358984224,0.2589201877934272,0.40670680071438603,0.21346463795694062,KNN
BreastCancerNormalized,0.09775233268737793,0.2341564655303955,0.7646915576071587,0.6204078491727587,0.9831768388106417,0.6257047423397218,0.48831386250318454,Naive Bayes
BreastCancerNormalized,0.09079208374023437,0.23504438400268554,0.8722594059466184,0.8635475182762601,0.8326682316118935,0.9439157871027932,0.8739753118192357,Decision Tree
BreastCancerNormalized,30.852114820480345,7.253171968460083,0.9710650724735231,0.9631704501731434,0.9831768388106417,0.9594345605798533,0.9891895949339448,Random Forest
